case,size,seed,upstream_median_us,selfhost_median_us,selfhost_over_upstream,upstream_repetitions,selfhost_repetitions
host-boundary,0,17,0.05422787299999999,0.13232139517887065,2.4400993042613104,1000000,793590
scalar-arithmetic,256,17,1.9962424474591496,466.8911590214068,233.88499709325063,75703,327
scalar-arithmetic,1024,18,9.656659080914688,1847.8842261904758,191.35854447244733,18192,84
boolean-choice,256,17,32.225719720989225,418.17849453551906,12.976544764744276,4731,366
boolean-choice,1024,18,124.68253686826844,1611.6860624999997,12.92631753396872,1207,96
boolean-worker,256,17,1.4253345118591165,540.0590284697508,378.8998470017623,103802,281
boolean-worker,1024,18,5.604785090399339,2902.4578181818183,517.8535432435322,27821,44
membership-choice,32,17,10.761698162033044,64.54038377926423,5.99723043775385,15071,2392
membership-choice,256,18,4.505472085871429,196.25053713527848,43.558262795744426,33818,754
membership-worker,32,17,7.300187588551997,80.04114132762315,10.9642581586728,21174,1868
membership-worker,256,18,4.312939419161142,193.65571863581002,44.90109872062048,33641,821
list-reverse,32,17,0.9099284076287059,128.48371082390955,141.20199979110558,156986,1238
list-reverse,256,18,7.865317680929216,962.8968086419753,122.4231299616391,20146,162
list-map-fold,32,17,1.101111977690954,133.65424667774087,121.3811577620067,134116,1204
list-map-fold,256,18,9.423995356903111,1030.6163529411765,109.3608723168827,17876,153
match-remaining-args,32,17,0.8384865768454263,108.4186955287438,129.3028398100768,169893,1409
match-remaining-args,256,18,6.483894345110787,837.5154325842697,129.16858110370077,23378,178
partial-application,32,17,1.0272424581486421,110.70910459363957,107.7731004160071,139422,1415
partial-application,256,18,6.71353905395353,838.6718277777779,124.922462063268,22853,180
closure-capture,256,17,23.467570099069345,349.1135578703703,14.876425484043407,6662,432
closure-capture,1024,18,102.93003897007654,1347.1059158878506,13.08758773791465,1437,107
string-hash,256,17,136.9433391066545,8929.257944444444,65.20403257795651,1097,18
string-hash,1024,18,681.7843303167423,38946.42075000002,57.1242532545539,221,4
string-scan,256,17,143.01235081029552,16779.24125,117.32721792859344,1049,8
string-scan,1024,18,592.9312213438734,75017.41266666666,126.51958602658897,253,3
string-equality,256,17,523.9729523809524,603.6429593495935,1.1520498464789406,294,246
string-equality,1024,18,2136.4145428571433,2236.433768115942,1.0468163941278164,70,69
tree-fold,256,17,98.47163985765124,8094.148421052631,82.19776204350187,1405,19
tree-fold,1024,18,405.8831490514906,32450.89900000001,79.95133347081445,369,5
tree-shared,256,17,197.15941329856582,15781.667200000002,80.04521283546953,767,10
tree-shared,1024,18,796.4947580645161,64368.64166666665,80.81489678988294,186,3
term-substitution,32,17,4.8184545775552134,327.2583469879518,67.9176988639366,31152,415
term-substitution,256,18,70.68778197674418,4015.89076,56.81166741546936,2064,25
term-freshening,32,17,3.247330378313716,563.7240909090908,173.59616215022234,46813,209
term-freshening,256,18,26.217924126172207,4612.948925925924,175.946383234858,5865,27
term-normalization,32,17,2.115348648953574,178.0324983888292,84.1622483730513,70908,931
term-normalization,256,18,17.787179012345685,1410.9349579831933,79.32314376573682,8262,119
index-chain,32,17,7.217875242871989,162.66702888446216,22.536691673232223,22131,1004
index-chain,256,18,53.28952999268471,1204.0652519685043,22.594780853458296,2734,127
nat-reconstruction,32,17,0.35389963255608353,26.30034800339847,74.3158386840952,361960,5885
nat-reconstruction,256,18,1.6544648298685145,148.89611557296766,89.99654322346696,90048,1021
pinned-u32-table,32,17,0.30159241984315766,531.1812965517242,1761.2554613539812,419147,290
pinned-u32-table,256,18,1.9306403266972942,2737.4422456140346,1417.8934355405906,78360,57
pinned-u32-wide,256,17,0.9387850558677429,1348.685983739837,1436.6291573455144,153398,123
pinned-u32-wide,1024,18,3.639743882848695,5801.533870967743,1593.9401391141546,42953,31
