scope,window,case,side,report,report_sha256,module_sha256,point,protocol,medianMs,minMs,maxMs,firstCallMedianMs,firstCallMinMs,firstCallMaxMs,halfDriftMinPercent,halfDriftMaxPercent,maxAbsoluteHalfDriftPercent,singleCallSamples,samplesMs,firstCallSamplesMs,halfDriftPercent,over_typescript,phase29_over_side,warnings
original-program,mandelbrot-timing,mandelbrot,typescript,/home/ai/bend2/build/publish/bend/selfhost/build/phase30/final-transfer-plan-14/mandelbrot-timing/report.json,fee9553bc7a10d96bae841c0d4d6ff7a549c3cc7dc5a6c30597c2b1ab15fe39d,037f070e948ab7701364b7413c624bca4327db0bc6171ac4523b906d2ae9e222,"{""args"":[2,0],""expected"":887240761,""exportName"":""bench"",""warmupCalls"":3,""warmupMs"":1000,""calibrationMs"":100}",transfer,0.045686719583898694,0.04530154831901103,0.045967031509121056,5.719616999999992,5.6115469999999945,5.877322000000007,-0.7098268924725315,1.2941554393308463,1.2941554393308463,0,"[0.04581537132519223,0.04530154831901103,0.045967031509121056,0.045686719583898694,0.04535714895220865]","[5.6115469999999945,5.614346999999995,5.740835000000004,5.877322000000007,5.719616999999992]","[-0.7098268924725315,-0.08589824336239227,1.2941554393308463,-0.060891585073019616,0.028695182141014186]",1.0,470.02170705509343,
original-program,mandelbrot-timing,mandelbrot,phase29,/home/ai/bend2/build/publish/bend/selfhost/build/phase30/final-transfer-plan-14/mandelbrot-timing/report.json,fee9553bc7a10d96bae841c0d4d6ff7a549c3cc7dc5a6c30597c2b1ab15fe39d,11977282d5c364224eb3ac540fe3885345531d5819a68e5facfc72b03a836033,"{""args"":[2,0],""expected"":887240761,""exportName"":""bench"",""warmupCalls"":3,""warmupMs"":1000,""calibrationMs"":100}",transfer,21.473749928571433,21.33789735714286,23.09766557142856,76.30495200000001,75.86185900000001,76.972427,-9.203243498229774,-0.8224178057531173,9.203243498229774,0,"[21.473749928571433,21.358437571428585,21.33789735714286,23.09766557142856,21.511459071428572]","[76.30495200000001,76.972427,76.048442,76.473069,75.86185900000001]","[-1.1156292301539028,-0.8224178057531173,-1.4971124646401601,-9.203243498229774,-2.819106172504837]",470.02170705509343,1.0,
original-program,mandelbrot-timing,mandelbrot,candidate,/home/ai/bend2/build/publish/bend/selfhost/build/phase30/final-transfer-plan-14/mandelbrot-timing/report.json,fee9553bc7a10d96bae841c0d4d6ff7a549c3cc7dc5a6c30597c2b1ab15fe39d,5beb848e33306470aa9ddd8f160067b3b1ebfbc4181601a27a9d1b8fbfb064c9,"{""args"":[2,0],""expected"":887240761,""exportName"":""bench"",""warmupCalls"":3,""warmupMs"":1000,""calibrationMs"":100}",transfer,0.22059066715542514,0.2191498636363636,0.22609933211143687,10.660350999999991,10.605439000000004,10.858750999999998,-2.1452456452416446,0.039016160142235634,2.1452456452416446,0,"[0.22059066715542514,0.2191498636363636,0.22303885410557187,0.22609933211143687,0.21959820454545467]","[10.607107,10.605439000000004,10.660350999999991,10.858750999999998,10.707131000000004]","[-0.8949797988209163,0.039016160142235634,-2.1452456452416446,-0.20577438218370991,-0.9848111445708296]",4.828332372394003,97.34659315138353,
original-program,editdist-timing,editdist,typescript,/home/ai/bend2/build/publish/bend/selfhost/build/phase30/final-transfer-plan-14/editdist-timing/report.json,710952a899721a80331973b69fa5c97606835937f74f74ee03faf80312f8d574,33721b7770aa4e367896cf1b842cc8ec309dced3a2608e25c5709217474eabc6,"{""args"":[2,0],""expected"":2065873279,""exportName"":""bench"",""warmupCalls"":3,""warmupMs"":1000,""calibrationMs"":100}",transfer,4.929327377049179,4.912445213114753,4.949878557377051,25.411125999999996,25.372310999999996,25.455540999999997,-1.7039831827299845,0.8263353866466483,1.7039831827299845,0,"[4.941105836065576,4.921688803278689,4.949878557377051,4.929327377049179,4.912445213114753]","[25.407193000000007,25.455540999999997,25.411125999999996,25.454398999999995,25.372310999999996]","[-0.924189086592353,-0.10382743474202094,-1.7039831827299845,0.8263353866466483,0.0675744864550687]",1.0,411.73462214127784,phase29: some timed samples contain only one call; within-sample drift unavailable; candidate: some timed samples contain only one call; within-sample drift unavailable
original-program,editdist-timing,editdist,phase29,/home/ai/bend2/build/publish/bend/selfhost/build/phase30/final-transfer-plan-14/editdist-timing/report.json,710952a899721a80331973b69fa5c97606835937f74f74ee03faf80312f8d574,b8ef74706cdc0fc6c9205046b34b4a686ca501cee847ea43a2fcd830a0383ac3,"{""args"":[2,0],""expected"":2065873279,""exportName"":""bench"",""warmupCalls"":3,""warmupMs"":1000,""calibrationMs"":100}",transfer,2029.574745,2020.7146869999997,2050.5096810000014,2234.604749,2230.192653,2290.380816,,,,5,"[2047.244956999999,2020.7146869999997,2025.1835530000008,2050.5096810000014,2029.574745]","[2290.380816,2230.192653,2233.629114,2258.724707,2234.604749]",[],411.73462214127784,1.0,phase29: some timed samples contain only one call; within-sample drift unavailable; candidate: some timed samples contain only one call; within-sample drift unavailable
original-program,editdist-timing,editdist,candidate,/home/ai/bend2/build/publish/bend/selfhost/build/phase30/final-transfer-plan-14/editdist-timing/report.json,710952a899721a80331973b69fa5c97606835937f74f74ee03faf80312f8d574,10c684a5ff9768630848afd3b9ec455cc24fad3a265a37c7d095d1736afe3e32,"{""args"":[2,0],""expected"":2065873279,""exportName"":""bench"",""warmupCalls"":3,""warmupMs"":1000,""calibrationMs"":100}",transfer,2435.4807679999994,2418.8257780000004,2461.217501000001,2654.186679,2635.817716,2700.390365,,,,5,"[2435.4807679999994,2444.7423470000012,2418.8257780000004,2461.217501000001,2430.203708000001]","[2700.390365,2654.186679,2638.071433,2655.463798,2635.817716]",[],494.0797357748108,0.8333363874873351,phase29: some timed samples contain only one call; within-sample drift unavailable; candidate: some timed samples contain only one call; within-sample drift unavailable
original-program,tree-bitonic-timing,tree-bitonic,typescript,/home/ai/bend2/build/publish/bend/selfhost/build/phase30/final-transfer-plan-14/tree-bitonic-timing/report.json,b8001e18308d196e3b84c80f18f94382064ed0cb9d431438a50ff11d27fc6a09,c24fff66dd20c4579b7912b42450f1574e4c0b7a84e5d8b2d3d1d1345ef2b159,"{""args"":[8,0],""expected"":971629740,""exportName"":""bench"",""warmupCalls"":3,""warmupMs"":1000,""calibrationMs"":100}",transfer,0.280754540719697,0.2789658882575758,0.312280675189394,5.199943999999995,5.1989480000000015,5.334697000000006,1.8577200686273665,7.194984974436114,7.194984974436114,0,"[0.312280675189394,0.2789658882575758,0.280754540719697,0.28679970265151516,0.28002385795454554]","[5.199061999999991,5.199943999999995,5.202356999999992,5.334697000000006,5.1989480000000015]","[5.206634106063057,2.2130666614837757,1.8577200686273665,7.194984974436114,1.9743879094103578]",1.0,92.95416677180411,phase29: absolute half drift exceeds10%
original-program,tree-bitonic-timing,tree-bitonic,phase29,/home/ai/bend2/build/publish/bend/selfhost/build/phase30/final-transfer-plan-14/tree-bitonic-timing/report.json,b8001e18308d196e3b84c80f18f94382064ed0cb9d431438a50ff11d27fc6a09,c9e05243ea537eaa63fd394ba7e90ae67269045cddebd1a272374ab13552c867,"{""args"":[8,0],""expected"":971629740,""exportName"":""bench"",""warmupCalls"":3,""warmupMs"":1000,""calibrationMs"":100}",transfer,26.097304399999985,26.020736599999985,26.239657599999987,69.46537200000002,68.82970600000002,74.471578,-20.091083156708333,-17.630632078567153,20.091083156708333,0,"[26.020736599999985,26.097304399999985,26.0281285,26.239657599999987,26.205198999999993]","[74.471578,69.14174000000001,70.313991,68.82970600000002,69.46537200000002]","[-20.091083156708333,-17.630632078567153,-17.681342433404467,-20.0837249032194,-20.018151085973745]",92.95416677180411,1.0,phase29: absolute half drift exceeds10%
original-program,tree-bitonic-timing,tree-bitonic,candidate,/home/ai/bend2/build/publish/bend/selfhost/build/phase30/final-transfer-plan-14/tree-bitonic-timing/report.json,b8001e18308d196e3b84c80f18f94382064ed0cb9d431438a50ff11d27fc6a09,abb50d18f514bd9322084c1193a4e8e7fdd45d01adb8d19e8a3470bdc19bb487,"{""args"":[8,0],""expected"":971629740,""exportName"":""bench"",""warmupCalls"":3,""warmupMs"":1000,""calibrationMs"":100}",transfer,31.86505490000002,31.405050499999994,32.3617117,81.47291,81.39915600000002,82.824474,-2.2323886341103383,0.06807762717242483,2.2323886341103383,0,"[31.405050499999994,31.86505490000002,31.799471500000003,32.35396860000001,32.3617117]","[81.47291,81.39915600000002,82.824474,81.43580899999999,82.05821300000001]","[-0.05030558556095022,-0.8516861263830999,-0.922098421235118,0.06807762717242483,-2.2323886341103383]",113.49791464927301,0.8189944904190317,phase29: absolute half drift exceeds10%
original-program,lexer-timing,lexer,typescript,/home/ai/bend2/build/publish/bend/selfhost/build/phase30/final-transfer-plan-14/lexer-timing/report.json,3de1e28f69c498e2847ca7fcb3ed47574d6a5bd531e20ca8a11c2f9b4b251830,2d9378dfdcacc5904f4b2ac65fd90ba1dcc4a51d9c68b00f6042c42aaeadbbba,"{""args"":[8,0],""expected"":1822208108,""exportName"":""bench"",""warmupCalls"":3,""warmupMs"":1000,""calibrationMs"":100}",transfer,1.9124805759493662,1.9013225822784823,1.9179196392405062,20.119034,20.022099000000004,21.231537999999993,-1.0712999596035444,-0.011687748752453597,1.0712999596035444,0,"[1.9124805759493662,1.9077405949367086,1.913968943037975,1.9013225822784823,1.9179196392405062]","[21.231537999999993,20.06849400000001,20.239119999999993,20.119034,20.022099000000004]","[-1.0712999596035444,-0.41656560847079804,-0.011687748752453597,-0.4905486224837108,-0.9401354942929707]",1.0,91.54285183424273,
original-program,lexer-timing,lexer,phase29,/home/ai/bend2/build/publish/bend/selfhost/build/phase30/final-transfer-plan-14/lexer-timing/report.json,3de1e28f69c498e2847ca7fcb3ed47574d6a5bd531e20ca8a11c2f9b4b251830,1f5e140803c8a6f19eadc7dd8880b7a9372f9a70fc80a81dd98b886104d85d7d,"{""args"":[8,0],""expected"":1822208108,""exportName"":""bench"",""warmupCalls"":3,""warmupMs"":1000,""calibrationMs"":100}",transfer,175.07392600000003,174.94487100000003,176.62190800000008,318.761995,318.08588399999996,320.472902,-1.306542759630469,0.07179387850109187,1.306542759630469,0,"[176.62190800000008,175.53635050000003,174.94487100000003,175.07392600000003,174.9903395]","[318.761995,319.59868500000005,318.50316899999996,318.08588399999996,320.472902]","[-0.22231194090303052,-0.43984091270168335,-0.38152358086878113,-1.306542759630469,0.07179387850109187]",91.54285183424273,1.0,
original-program,lexer-timing,lexer,candidate,/home/ai/bend2/build/publish/bend/selfhost/build/phase30/final-transfer-plan-14/lexer-timing/report.json,3de1e28f69c498e2847ca7fcb3ed47574d6a5bd531e20ca8a11c2f9b4b251830,c1ec72635240e43b605ef97894369631d1d6118c7358f1794fd44192ea8e0982,"{""args"":[8,0],""expected"":1822208108,""exportName"":""bench"",""warmupCalls"":3,""warmupMs"":1000,""calibrationMs"":100}",transfer,210.84746799999994,210.06813499999998,217.61164499999995,349.679347,347.863682,353.712175,-1.5877509411032165,2.9524226172968238,2.9524226172968238,0,"[210.31069550000007,210.06813499999998,210.84746799999994,217.61164499999995,214.375132]","[349.679347,347.863682,348.702452,350.851584,353.712175]","[0.5190349766450719,-0.07170415715775924,-0.20062523682273792,2.9524226172968238,-1.5877509411032165]",110.2481618122234,0.8303344956459239,
original-program,symreg-timing,symreg,typescript,/home/ai/bend2/build/publish/bend/selfhost/build/phase30/final-transfer-plan-14/symreg-timing/report.json,86a88360edb80baeda1d276895c1de9b1fa47d8f54328283bf29ddcab72fea98,545d6112dbbb0cc66074407a0daf7076b148f9d311e7e9bbffff3376f8e00651,"{""args"":[6,42],""expected"":2490246820,""exportName"":""bench"",""warmupCalls"":3,""warmupMs"":1000,""calibrationMs"":100}",transfer,1.1042088205128198,1.1030985897435899,1.1096291245421241,9.220756000000002,9.184695000000005,14.432893000000007,-0.7367908800950396,0.8372318046920624,0.8372318046920624,0,"[1.1034816996337,1.1050942014652012,1.1030985897435899,1.1042088205128198,1.1096291245421241]","[9.220756000000002,9.280127,9.19193,14.432893000000007,9.184695000000005]","[-0.404242739150551,-0.7367908800950396,-0.14189032668685542,0.8372318046920624,-0.09864914496235944]",1.0,96.20352602387736,candidate: absolute half drift exceeds10%
original-program,symreg-timing,symreg,phase29,/home/ai/bend2/build/publish/bend/selfhost/build/phase30/final-transfer-plan-14/symreg-timing/report.json,86a88360edb80baeda1d276895c1de9b1fa47d8f54328283bf29ddcab72fea98,d252d573449d06ab88d88243c0a18b237e3643de94b4cbd75141086b9f57661e,"{""args"":[6,42],""expected"":2490246820,""exportName"":""bench"",""warmupCalls"":3,""warmupMs"":1000,""calibrationMs"":100}",transfer,106.22878199999998,105.75848199999996,107.50892466666664,221.747679,221.43461499999998,224.27079699999996,-1.1778759591327348,-0.6806438649549662,1.1778759591327348,0,"[106.45799200000003,105.75848199999996,107.50892466666664,106.22878199999998,105.92071299999998]","[224.01749399999997,221.605299,221.747679,221.43461499999998,224.27079699999996]","[-1.1778759591327348,-0.6806438649549662,-0.7769368890654604,-1.0860645557425164,-1.101381608365093]",96.20352602387736,1.0,candidate: absolute half drift exceeds10%
original-program,symreg-timing,symreg,candidate,/home/ai/bend2/build/publish/bend/selfhost/build/phase30/final-transfer-plan-14/symreg-timing/report.json,86a88360edb80baeda1d276895c1de9b1fa47d8f54328283bf29ddcab72fea98,c979699da6161e2b184f74308b2e22ae708bb1466eaaf651079ac416f35e1f98,"{""args"":[6,42],""expected"":2490246820,""exportName"":""bench"",""warmupCalls"":3,""warmupMs"":1000,""calibrationMs"":100}",transfer,133.37793299999998,132.56862500000003,185.16439833333334,251.33321999999998,250.61162399999998,253.63671399999998,-26.866715840971466,-0.9164563134564818,26.866715840971466,0,"[134.07992166666668,132.56862500000003,132.85685566666666,185.16439833333334,133.37793299999998]","[253.251291,251.33321999999998,251.019591,253.63671399999998,250.61162399999998]","[-1.679200650568069,-1.8156626378428853,-0.9164563134564818,-26.866715840971466,-1.6520855537549783]",120.79049770500495,0.7964494546485437,candidate: absolute half drift exceeds10%
original-program,test-morning-program-timing,test-morning-program,typescript,/home/ai/bend2/build/publish/bend/selfhost/build/phase30/final-transfer-plan-14/test-morning-program-timing/report.json,46b553678bd1877efdaa56f5df929ac8acef8e9013c6b3b406d7231f2b01a70e,faff88b122b84d0d18698210c66233cae52493e3cc68c92d95e0c639e20990ad,"{""args"":[],""expected"":""a-bb-ccc 8 1877 42 lo hello 3"",""exportName"":""main.out"",""warmupCalls"":3,""warmupMs"":1000,""calibrationMs"":100}",transfer,0.003684293243275381,0.0036756162151877656,0.0038254431588460535,2.1925600000000003,2.1657259999999923,2.250396000000009,-0.03680974371378376,2.210850988195312,2.210850988195312,0,"[0.003816697421932601,0.0036780963921326133,0.0036756162151877656,0.003684293243275381,0.0038254431588460535]","[2.1657259999999923,2.173611000000001,2.2082090000000036,2.1925600000000003,2.250396000000009]","[1.4515831545212077,2.210850988195312,2.165288838624768,1.2638489324421132,-0.03680974371378376]",1.0,60.95442981937333,phase29: absolute half drift exceeds10%; candidate: absolute half drift exceeds10%
original-program,test-morning-program-timing,test-morning-program,phase29,/home/ai/bend2/build/publish/bend/selfhost/build/phase30/final-transfer-plan-14/test-morning-program-timing/report.json,46b553678bd1877efdaa56f5df929ac8acef8e9013c6b3b406d7231f2b01a70e,f9431ea138f00f8913c09c9aaca21f599a9a50c7a9ba3ff194f4748ab9f06ac0,"{""args"":[],""expected"":""a-bb-ccc 8 1877 42 lo hello 3"",""exportName"":""main.out"",""warmupCalls"":3,""warmupMs"":1000,""calibrationMs"":100}",transfer,0.22457399393122057,0.21397156574511136,0.22535837963587318,9.942533999999995,9.812027999999998,11.140968,-21.818593958730702,-14.36516797692471,21.818593958730702,0,"[0.22535837963587318,0.2248940438300742,0.22457399393122057,0.22285169318948078,0.21397156574511136]","[9.967262000000005,9.942533999999995,9.940200999999988,11.140968,9.812027999999998]","[-21.818593958730702,-20.59041440799325,-19.745190764419018,-20.2422453903769,-14.36516797692471]",60.95442981937333,1.0,phase29: absolute half drift exceeds10%; candidate: absolute half drift exceeds10%
original-program,test-morning-program-timing,test-morning-program,candidate,/home/ai/bend2/build/publish/bend/selfhost/build/phase30/final-transfer-plan-14/test-morning-program-timing/report.json,46b553678bd1877efdaa56f5df929ac8acef8e9013c6b3b406d7231f2b01a70e,68420fc6c4a9f457d156a819a7aa6d3e8f5cea50f3599b8bebfb11732c4fc263,"{""args"":[],""expected"":""a-bb-ccc 8 1877 42 lo hello 3"",""exportName"":""main.out"",""warmupCalls"":3,""warmupMs"":1000,""calibrationMs"":100}",transfer,0.29741442969628784,0.2950708098987625,0.3050272823397077,10.223483000000002,10.186768,10.700565000000012,18.204774208338126,25.416184769002914,25.416184769002914,0,"[0.3050272823397077,0.29741442969628784,0.29573250281214825,0.30367280202474684,0.2950708098987625]","[10.253430999999992,10.223483000000002,10.186768,10.700565000000012,10.203575999999998]","[18.204774208338126,25.185383628329582,25.416184769002914,20.02944849835484,25.367889457695682]",80.72496135836431,0.7550877546881296,phase29: absolute half drift exceeds10%; candidate: absolute half drift exceeds10%
original-program,test-evening-program-timing,test-evening-program,typescript,/home/ai/bend2/build/publish/bend/selfhost/build/phase30/final-transfer-plan-14/test-evening-program-timing/report.json,906ba05d5768d5d5f99d6ef4bf73ad1660892ce6bd985747218ffe7d96e0970d,0c1d34b107501041c6e5a3bb5b896e91b8ab56b8826c3f616ea6b4e3a3e1d6d0,"{""args"":[],""expected"":81111,""exportName"":""main.out"",""warmupCalls"":3,""warmupMs"":1000,""calibrationMs"":100}",transfer,0.00314634665472477,0.0031335827645490393,0.00316639804605866,2.5125420000000034,2.4827860000000044,2.525700999999998,-2.8287933381952457,-0.6124571181165717,2.8287933381952457,0,"[0.00314634665472477,0.003165829385301172,0.0031335827645490393,0.00316639804605866,0.0031416940197864867]","[2.5028760000000005,2.518065,2.4827860000000044,2.5125420000000034,2.525700999999998]","[-0.7107357292313932,-2.8287933381952457,-0.6124571181165717,-1.0222001813591564,-1.0583387977391778]",1.0,96.48631928044587,phase29: absolute half drift exceeds10%
original-program,test-evening-program-timing,test-evening-program,phase29,/home/ai/bend2/build/publish/bend/selfhost/build/phase30/final-transfer-plan-14/test-evening-program-timing/report.json,906ba05d5768d5d5f99d6ef4bf73ad1660892ce6bd985747218ffe7d96e0970d,96bf6ad0006eed050ba8213858e4fe72282483622be3dcdc5a6948f9790a4291,"{""args"":[],""expected"":81111,""exportName"":""main.out"",""warmupCalls"":3,""warmupMs"":1000,""calibrationMs"":100}",transfer,0.3035794078947369,0.2956179500000001,0.31541929999999996,12.325266999999997,12.294194000000005,12.394507999999988,191.17521854121034,215.23653114165745,215.23653114165745,0,"[0.3111837447368424,0.2956179500000001,0.3035794078947369,0.31541929999999996,0.30036111447368424]","[12.294194000000005,12.324572000000003,12.394507999999988,12.361571999999995,12.325266999999997]","[213.18848133085123,191.17521854121034,200.9067319444418,215.23653114165745,195.61740368108457]",96.48631928044587,1.0,phase29: absolute half drift exceeds10%
original-program,test-evening-program-timing,test-evening-program,candidate,/home/ai/bend2/build/publish/bend/selfhost/build/phase30/final-transfer-plan-14/test-evening-program-timing/report.json,906ba05d5768d5d5f99d6ef4bf73ad1660892ce6bd985747218ffe7d96e0970d,b658083a83b833157e90a4787a9c531a1095f0f0ef13d8a134679b53ffaf844a,"{""args"":[],""expected"":81111,""exportName"":""main.out"",""warmupCalls"":3,""warmupMs"":1000,""calibrationMs"":100}",transfer,0.18165435377358494,0.17918370283018875,0.18849911415094353,12.636368000000004,12.572320000000005,12.698606999999996,-4.234728078403305,1.7939407136791097,4.234728078403305,0,"[0.18849911415094353,0.18165435377358494,0.1881574292452829,0.17918370283018875,0.18104622735849055]","[12.685513,12.572320000000005,12.631006000000014,12.698606999999996,12.636368000000004]","[1.7939407136791097,-4.234728078403305,-3.742803715344578,-3.668557512470727,-3.6767047026058597]",57.73500942777564,1.6711925785886756,phase29: absolute half drift exceeds10%
original-program,test-rle-roundtrip-timing,test-rle-roundtrip,typescript,/home/ai/bend2/build/publish/bend/selfhost/build/phase30/final-transfer-plan-14/test-rle-roundtrip-timing/report.json,9c6d5845851b8b91d222412d5859c7af31c39a40f9254e42fc6c4d9e85f35ea4,f21a8eb4239ff0db7fbfda6121f24b04b48c5478fe6de5798660ca5b417c80a8,"{""args"":[],""expected"":11,""exportName"":""main.out"",""warmupCalls"":3,""warmupMs"":1000,""calibrationMs"":100}",transfer,0.0005949647124261665,0.000591189413134016,0.0006094440648307974,0.5071979999999954,0.5048559999999966,0.517832999999996,-1.4068827910919568,1.9476025060184643,1.9476025060184643,0,"[0.0006000577384439972,0.0005949647124261665,0.0005937637512074614,0.0006094440648307974,0.000591189413134016]","[0.5055349999999947,0.5071979999999954,0.517832999999996,0.5075909999999979,0.5048559999999966]","[1.9476025060184643,-0.1326302320048489,1.644184882109645,-1.4068827910919568,1.1494547707885605]",1.0,75.57086640831581,phase29: absolute half drift exceeds10%; candidate: absolute half drift exceeds10%
original-program,test-rle-roundtrip-timing,test-rle-roundtrip,phase29,/home/ai/bend2/build/publish/bend/selfhost/build/phase30/final-transfer-plan-14/test-rle-roundtrip-timing/report.json,9c6d5845851b8b91d222412d5859c7af31c39a40f9254e42fc6c4d9e85f35ea4,ad8657b5b37a6a1fc1cf2054b37cd19a9626e0c26737887a2000bae08d05e483,"{""args"":[],""expected"":11,""exportName"":""main.out"",""warmupCalls"":3,""warmupMs"":1000,""calibrationMs"":100}",transfer,0.04496199880041986,0.044131164342480135,0.04760188918878393,3.192998000000003,3.138258999999991,3.241829999999993,-0.8535606017970543,11.296733364344114,11.296733364344114,0,"[0.044569090268406074,0.04516675003748687,0.04760188918878393,0.04496199880041986,0.044131164342480135]","[3.200687000000002,3.158242999999999,3.192998000000003,3.241829999999993,3.138258999999991]","[-0.2364405578129225,-0.8535606017970543,11.296733364344114,1.9370765389635336,-0.45988065513433707]",75.57086640831581,1.0,phase29: absolute half drift exceeds10%; candidate: absolute half drift exceeds10%
original-program,test-rle-roundtrip-timing,test-rle-roundtrip,candidate,/home/ai/bend2/build/publish/bend/selfhost/build/phase30/final-transfer-plan-14/test-rle-roundtrip-timing/report.json,9c6d5845851b8b91d222412d5859c7af31c39a40f9254e42fc6c4d9e85f35ea4,15f0597e68c8feeba7dcb502d8f7d2f241d470da98936f167825896549004f03,"{""args"":[],""expected"":11,""exportName"":""main.out"",""warmupCalls"":3,""warmupMs"":1000,""calibrationMs"":100}",transfer,0.07505278512003803,0.07022199477062042,0.07981669812217733,3.559018999999992,3.5464780000000076,3.7089280000000002,-17.923664881715084,-2.9128286412125726,17.923664881715084,0,"[0.07981669812217733,0.07563695887806038,0.07505278512003803,0.0730932331827906,0.07022199477062042]","[3.5893119999999925,3.559018999999992,3.7089280000000002,3.5464780000000076,3.5478399999999937]","[-17.923664881715084,-7.026711906510153,-6.552523180300451,-4.735564604219899,-2.9128286412125726]",126.14661601355371,0.5990716897248846,phase29: absolute half drift exceeds10%; candidate: absolute half drift exceeds10%
original-program,test-map-set-ops-timing,test-map-set-ops,typescript,/home/ai/bend2/build/publish/bend/selfhost/build/phase30/final-transfer-plan-14/test-map-set-ops-timing/report.json,ac7e87255a6d86010876d2f712a00f7490f2f81a00832164f65d1795b749c6ad,91812e3092688bdc609a2f9f21c1280120b8392eab7cd7148586702bf551e9bf,"{""args"":[],""expected"":11111,""exportName"":""main.out"",""warmupCalls"":3,""warmupMs"":1000,""calibrationMs"":100}",transfer,0.022081825570776252,0.021950529071537286,0.0226191199391172,5.290478999999998,5.211376999999992,5.493190000000006,-0.9308468577559514,-0.6897093240502139,0.9308468577559514,0,"[0.022081825570776252,0.0226191199391172,0.022165119025875202,0.022070256849315056,0.021950529071537286]","[5.290478999999998,5.211376999999992,5.371651999999997,5.24072799999999,5.493190000000006]","[-0.8440468254293232,-0.8080690972570359,-0.9308468577559514,-0.9212878317525153,-0.6897093240502139]",1.0,100.75180383988179,phase29: absolute half drift exceeds10%; candidate: absolute half drift exceeds10%
original-program,test-map-set-ops-timing,test-map-set-ops,phase29,/home/ai/bend2/build/publish/bend/selfhost/build/phase30/final-transfer-plan-14/test-map-set-ops-timing/report.json,ac7e87255a6d86010876d2f712a00f7490f2f81a00832164f65d1795b749c6ad,a05e0f45be9d5aa3057c296ea767782798df49f582b4b17d80800589184388e5,"{""args"":[],""expected"":11111,""exportName"":""main.out"",""warmupCalls"":3,""warmupMs"":1000,""calibrationMs"":100}",transfer,2.2247837583333347,2.1930443583333346,2.2405640249999994,31.056275,30.804339999999996,32.86016000000001,39.31147347106296,42.380377874765564,42.380377874765564,0,"[2.2221877833333337,2.2247837583333347,2.2405640249999994,2.1930443583333346,2.2266007]","[31.283408999999992,32.86016000000001,30.963653000000008,31.056275,30.804339999999996]","[42.380377874765564,40.79512873336386,41.10673775968037,40.400634268121415,39.31147347106296]",100.75180383988179,1.0,phase29: absolute half drift exceeds10%; candidate: absolute half drift exceeds10%
original-program,test-map-set-ops-timing,test-map-set-ops,candidate,/home/ai/bend2/build/publish/bend/selfhost/build/phase30/final-transfer-plan-14/test-map-set-ops-timing/report.json,ac7e87255a6d86010876d2f712a00f7490f2f81a00832164f65d1795b749c6ad,847762cf5644d003fc941585bf0c8e98aaa05bc538ce29ed82f259a1bdd3eb5b,"{""args"":[],""expected"":11111,""exportName"":""main.out"",""warmupCalls"":3,""warmupMs"":1000,""calibrationMs"":100}",transfer,2.046543375000001,2.0115091249999995,2.2312745535714282,32.338049999999996,32.14841,32.736591000000004,-13.40897810876891,14.512988365770063,14.512988365770063,0,"[2.2312745535714282,2.0160431964285714,2.046543375000001,2.0115091249999995,2.2257420982142855]","[32.736591000000004,32.338049999999996,32.32498700000001,32.14841,32.65925]","[14.512988365770063,-2.114188248864879,5.560741781470768,1.4529179342008591,-13.40897810876891]",92.67999008689108,1.0870933817043256,phase29: absolute half drift exceeds10%; candidate: absolute half drift exceeds10%
original-program,raytrace-timing,raytrace,typescript,/home/ai/bend2/build/publish/bend/selfhost/build/phase30/final-transfer-plan-14/raytrace-timing/report.json,7c17fb85f7849b579c567df87b344d7574eedfd162c646496f87322d25572a10,87bd526f04705416db047a31eb4ccc186f1c90f5c911f57736a3216a7629ddd2,"{""args"":[80,0],""expected"":402971,""exportName"":""bench"",""warmupCalls"":3,""warmupMs"":1000,""calibrationMs"":100}",transfer,34.14644577777777,34.12015588888888,34.205018777777774,126.15760399999999,123.55844900000001,126.709454,-1.4670290511693773,-0.5139755404895641,1.4670290511693773,0,"[34.205018777777774,34.14644577777777,34.172230333333346,34.14066077777779,34.12015588888888]","[124.81577199999998,126.709454,126.15760399999999,126.22253599999999,123.55844900000001]","[-1.2937911464357632,-0.5139755404895641,-1.4670290511693773,-0.8555004689798751,-1.227163086412586]",1.0,308.31516836377284,phase29: some timed samples contain only one call; within-sample drift unavailable; candidate: some timed samples contain only one call; within-sample drift unavailable
original-program,raytrace-timing,raytrace,phase29,/home/ai/bend2/build/publish/bend/selfhost/build/phase30/final-transfer-plan-14/raytrace-timing/report.json,7c17fb85f7849b579c567df87b344d7574eedfd162c646496f87322d25572a10,52a93a16fe13e01b7e6cbce350d0f22d7fe0c7581ed649482a5002bfa7d3454c,"{""args"":[80,0],""expected"":402971,""exportName"":""bench"",""warmupCalls"":3,""warmupMs"":1000,""calibrationMs"":100}",transfer,10527.867178999993,10451.736467000002,10624.052227,11524.51282,11461.273829,11552.737577,,,,5,"[10503.224102,10451.736467000002,10527.867178999993,10572.715087000004,10624.052227]","[11526.917171,11524.51282,11466.925921,11461.273829,11552.737577]",[],308.31516836377284,1.0,phase29: some timed samples contain only one call; within-sample drift unavailable; candidate: some timed samples contain only one call; within-sample drift unavailable
original-program,raytrace-timing,raytrace,candidate,/home/ai/bend2/build/publish/bend/selfhost/build/phase30/final-transfer-plan-14/raytrace-timing/report.json,7c17fb85f7849b579c567df87b344d7574eedfd162c646496f87322d25572a10,fc22762988a5f28ffced35a47abc124d5716061e8a737caeabc8d10fe8b360a5,"{""args"":[80,0],""expected"":402971,""exportName"":""bench"",""warmupCalls"":3,""warmupMs"":1000,""calibrationMs"":100}",transfer,13027.829827999994,12716.265580000007,13355.019947,13839.580625,13515.504366,13921.072193999998,,,,5,"[13042.129339,12716.265580000007,13027.829827999994,12817.295412,13355.019947]","[13903.494162,13515.504366,13839.580625,13542.430389000001,13921.072193999998]",[],381.528136567537,0.8081059791227109,phase29: some timed samples contain only one call; within-sample drift unavailable; candidate: some timed samples contain only one call; within-sample drift unavailable
scalar-helper,scalar-scaling-confirm-14,scalar-region-0,phase29,/home/ai/bend2/build/publish/bend/selfhost/build/phase30/scalar-scaling-confirm-14/report.json,7e380ae38815e505a54e8d793d814690431ca7e7da5a5390a7da76e46fac9314,4f5b099ece772ee85d8f721cb38fa062fdff556f87dc9181b9838450c100c0a4,"{""exportName"":""bench"",""args"":[0,524800],""expected"":0,""warmupCalls"":100,""warmupMs"":3000,""calibrationMs"":50}",confirm,0.0016835109569595537,0.001664313493251712,0.0017114369531224007,0.5167320000000046,0.5141139999999922,0.5857149999999933,0.17952924927042702,2.0448817336582215,2.0448817336582215,0,"[0.0016654515919752476,0.0016835109569595537,0.001700313177185569,0.0017114369531224007,0.001664313493251712]","[0.5158779999999865,0.5141139999999922,0.5857149999999933,0.5167320000000046,0.5171580000000091]","[1.7419991259586487,1.9801865110118166,0.17952924927042702,2.0448817336582215,1.606205636663649]",17.360818235659607,1.0,
scalar-helper,scalar-scaling-confirm-14,scalar-region-0,typescript,/home/ai/bend2/build/publish/bend/selfhost/build/phase30/scalar-scaling-confirm-14/report.json,7e380ae38815e505a54e8d793d814690431ca7e7da5a5390a7da76e46fac9314,752a5711b92b0ba8b0e146f41e70ac3934e50965f77950d009b5e738320b594a,"{""exportName"":""bench"",""args"":[0,524800],""expected"":0,""warmupCalls"":100,""warmupMs"":3000,""calibrationMs"":50}",confirm,9.697186699999975e-05,9.65868129999999e-05,9.723976799999991e-05,0.19587599999999838,0.19448599999999772,0.19818599999999975,3.0578374680480858,3.8538498432793666,3.8538498432793666,0,"[9.65868129999999e-05,9.723976799999991e-05,9.720144500000015e-05,9.680777600000011e-05,9.697186699999975e-05]","[0.19779300000000433,0.19587599999999838,0.19448599999999772,0.19818599999999975,0.19587000000001353]","[3.8538498432793666,3.6734384347407945,3.145568852606062,3.0578374680480858,3.537735284472876]",1.0,17.360818235659607,
scalar-helper,scalar-scaling-confirm-14,scalar-region-0,candidate,/home/ai/bend2/build/publish/bend/selfhost/build/phase30/scalar-scaling-confirm-14/report.json,7e380ae38815e505a54e8d793d814690431ca7e7da5a5390a7da76e46fac9314,990a2a7568cdb40541883237b97e008ee785a8d8e890400b9890fe21274204f5,"{""exportName"":""bench"",""args"":[0,524800],""expected"":0,""warmupCalls"":100,""warmupMs"":3000,""calibrationMs"":50}",confirm,0.004503616425873396,0.004485570849071859,0.0045233899528211744,0.7940179999999941,0.7842249999999922,0.8227769999999879,0.6011456457194475,2.706614115935424,2.706614115935424,0,"[0.004485570849071859,0.004503616425873396,0.0045151123032378514,0.0044912514293273,0.0045233899528211744]","[0.8227769999999879,0.7842249999999922,0.7882800000000003,0.7949509999999975,0.7940179999999941]","[1.9998354057225054,1.3368529072562696,0.6011456457194475,1.8248404452720912,2.706614115935424]",46.44250508112221,0.3738131309957346,
scalar-helper,scalar-scaling-confirm-14,scalar-region-128,phase29,/home/ai/bend2/build/publish/bend/selfhost/build/phase30/scalar-scaling-confirm-14/report.json,7e380ae38815e505a54e8d793d814690431ca7e7da5a5390a7da76e46fac9314,4f5b099ece772ee85d8f721cb38fa062fdff556f87dc9181b9838450c100c0a4,"{""exportName"":""bench"",""args"":[128,524800],""expected"":128,""warmupCalls"":100,""warmupMs"":3000,""calibrationMs"":50}",confirm,0.39007037401574784,0.38728766666666664,0.4051174855643046,6.341663999999994,6.276003000000003,6.612343999999993,-0.8870079826944433,-0.01968888818529857,0.8870079826944433,0,"[0.4048926286089238,0.38892806299212634,0.4051174855643046,0.39007037401574784,0.38728766666666664]","[6.612343999999993,6.299198000000004,6.341663999999994,6.385860000000008,6.276003000000003]","[-0.26156649142392574,-0.8516556794430752,-0.8870079826944433,-0.7825517146072936,-0.01968888818529857]",228.9743406753609,1.0,
scalar-helper,scalar-scaling-confirm-14,scalar-region-128,typescript,/home/ai/bend2/build/publish/bend/selfhost/build/phase30/scalar-scaling-confirm-14/report.json,7e380ae38815e505a54e8d793d814690431ca7e7da5a5390a7da76e46fac9314,752a5711b92b0ba8b0e146f41e70ac3934e50965f77950d009b5e738320b594a,"{""exportName"":""bench"",""args"":[128,524800],""expected"":128,""warmupCalls"":100,""warmupMs"":3000,""calibrationMs"":50}",confirm,0.0017035549610722033,0.0016988876604216298,0.0017109729579200587,0.7350150000000042,0.7224649999999997,0.741702999999994,0.5114496002720514,1.4333255595475825,1.4333255595475825,0,"[0.0017109729579200587,0.0017032809318970935,0.0017061586441039494,0.0016988876604216298,0.0017035549610722033]","[0.7350150000000042,0.741702999999994,0.7319280000000035,0.7224649999999997,0.737955999999997]","[0.5114496002720514,0.641841975050883,0.5910226433979648,1.3307026880774453,1.4333255595475825]",1.0,228.9743406753609,
scalar-helper,scalar-scaling-confirm-14,scalar-region-128,candidate,/home/ai/bend2/build/publish/bend/selfhost/build/phase30/scalar-scaling-confirm-14/report.json,7e380ae38815e505a54e8d793d814690431ca7e7da5a5390a7da76e46fac9314,990a2a7568cdb40541883237b97e008ee785a8d8e890400b9890fe21274204f5,"{""exportName"":""bench"",""args"":[128,524800],""expected"":128,""warmupCalls"":100,""warmupMs"":3000,""calibrationMs"":50}",confirm,0.006983992266882478,0.0069672376584839525,0.0071376663294667785,1.4402079999999984,1.4146800000000042,1.5357659999999953,-0.7984187677703813,2.6057862848196,2.6057862848196,0,"[0.006979675254023919,0.006983992266882478,0.0069672376584839525,0.0071376663294667785,0.007006747594640763]","[1.5357659999999953,1.4146800000000042,1.4388299999999958,1.4402079999999984,1.448174999999992]","[2.6057862848196,1.5261812139479858,2.2712430941340678,-0.7984187677703813,0.8274423448172197]",4.099657731316642,55.85206270422574,
scalar-helper,scalar-scaling-confirm-14,scalar-region-1024,phase29,/home/ai/bend2/build/publish/bend/selfhost/build/phase30/scalar-scaling-confirm-14/report.json,7e380ae38815e505a54e8d793d814690431ca7e7da5a5390a7da76e46fac9314,4f5b099ece772ee85d8f721cb38fa062fdff556f87dc9181b9838450c100c0a4,"{""exportName"":""bench"",""args"":[1024,524800],""expected"":1024,""warmupCalls"":100,""warmupMs"":3000,""calibrationMs"":50}",confirm,3.247765913043479,3.188176467391303,3.3332493586956486,29.80015800000001,29.640574,29.854374000000007,-3.8411126432439158,-1.1205375981833132,3.8411126432439158,0,"[3.188176467391303,3.247765913043479,3.319997108695653,3.2440404891304335,3.3332493586956486]","[29.80015800000001,29.640574,29.813345999999996,29.854374000000007,29.67463500000001]","[-2.214749923516024,-3.5855413496302613,-3.065979806188135,-3.8411126432439158,-1.1205375981833132]",251.93916781860366,1.0,
scalar-helper,scalar-scaling-confirm-14,scalar-region-1024,typescript,/home/ai/bend2/build/publish/bend/selfhost/build/phase30/scalar-scaling-confirm-14/report.json,7e380ae38815e505a54e8d793d814690431ca7e7da5a5390a7da76e46fac9314,752a5711b92b0ba8b0e146f41e70ac3934e50965f77950d009b5e738320b594a,"{""exportName"":""bench"",""args"":[1024,524800],""expected"":1024,""warmupCalls"":100,""warmupMs"":3000,""calibrationMs"":50}",confirm,0.01289107184549356,0.012777277167381983,0.012927256523605154,6.653215999999993,6.575855999999995,6.956452000000006,0.048729764869337444,1.3997140356371895,1.3997140356371895,0,"[0.01290255592274679,0.012887311759656666,0.012927256523605154,0.012777277167381983,0.01289107184549356]","[6.956452000000006,6.638137,6.653215999999993,6.575855999999995,6.660904000000009]","[0.8095275764206766,0.048729764869337444,0.1965329441010244,1.3997140356371895,0.977868996364295]",1.0,251.93916781860366,
scalar-helper,scalar-scaling-confirm-14,scalar-region-1024,candidate,/home/ai/bend2/build/publish/bend/selfhost/build/phase30/scalar-scaling-confirm-14/report.json,7e380ae38815e505a54e8d793d814690431ca7e7da5a5390a7da76e46fac9314,990a2a7568cdb40541883237b97e008ee785a8d8e890400b9890fe21274204f5,"{""exportName"":""bench"",""args"":[1024,524800],""expected"":1024,""warmupCalls"":100,""warmupMs"":3000,""calibrationMs"":50}",confirm,0.022101931196018155,0.021979453740301563,0.02222764390279607,6.272379999999998,6.220962999999998,6.3138780000000025,-1.3964299656362256,-0.18287002726956603,1.3964299656362256,0,"[0.02222764390279607,0.02205830881276534,0.022101931196018155,0.021979453740301563,0.02214355196896499]","[6.3138780000000025,6.289327,6.220962999999998,6.272379999999998,6.221361999999999]","[-1.2008213755647312,-0.8747277650087315,-1.373443840346844,-1.3964299656362256,-0.18287002726956603]",1.714514623835916,146.9448929254015,
scalar-helper,scalar-scaling-confirm-14,scalar-region-8192,phase29,/home/ai/bend2/build/publish/bend/selfhost/build/phase30/scalar-scaling-confirm-14/report.json,7e380ae38815e505a54e8d793d814690431ca7e7da5a5390a7da76e46fac9314,4f5b099ece772ee85d8f721cb38fa062fdff556f87dc9181b9838450c100c0a4,"{""exportName"":""bench"",""args"":[8192,524800],""expected"":8192,""warmupCalls"":100,""warmupMs"":3000,""calibrationMs"":50}",confirm,25.39319525,25.14616108333333,26.705934833333345,64.885634,64.199548,75.60189900000002,-0.6397766577856179,0.7915049296568277,0.7915049296568277,0,"[25.67413749999999,26.705934833333345,25.327828833333342,25.14616108333333,25.39319525]","[64.651289,65.912257,75.60189900000002,64.199548,64.885634]","[0.39164924485493025,-0.12036089855578247,0.38518077084801483,-0.6397766577856179,0.7915049296568277]",256.1595164980973,1.0,
scalar-helper,scalar-scaling-confirm-14,scalar-region-8192,typescript,/home/ai/bend2/build/publish/bend/selfhost/build/phase30/scalar-scaling-confirm-14/report.json,7e380ae38815e505a54e8d793d814690431ca7e7da5a5390a7da76e46fac9314,752a5711b92b0ba8b0e146f41e70ac3934e50965f77950d009b5e738320b594a,"{""exportName"":""bench"",""args"":[8192,524800],""expected"":8192,""warmupCalls"":100,""warmupMs"":3000,""calibrationMs"":50}",confirm,0.0991303996710527,0.09897263355263165,0.10080263388157885,6.6824220000000025,6.6671169999999975,6.724936999999997,-0.6344279180740764,-0.18886207221930906,0.6344279180740764,0,"[0.0989923529605263,0.0991303996710527,0.0995000059210527,0.09897263355263165,0.10080263388157885]","[6.6671169999999975,6.6824220000000025,6.672539,6.724936999999997,6.684325999999999]","[-0.32239893912761053,-0.5241647893261758,-0.6344279180740764,-0.23547453829598775,-0.18886207221930906]",1.0,256.1595164980973,
scalar-helper,scalar-scaling-confirm-14,scalar-region-8192,candidate,/home/ai/bend2/build/publish/bend/selfhost/build/phase30/scalar-scaling-confirm-14/report.json,7e380ae38815e505a54e8d793d814690431ca7e7da5a5390a7da76e46fac9314,990a2a7568cdb40541883237b97e008ee785a8d8e890400b9890fe21274204f5,"{""exportName"":""bench"",""args"":[8192,524800],""expected"":8192,""warmupCalls"":100,""warmupMs"":3000,""calibrationMs"":50}",confirm,0.13312918046804664,0.1323383168316833,0.13421264761476148,6.447923000000003,6.425816000000012,6.538208000000012,0.14738394518449827,3.0298437358991848,3.0298437358991848,0,"[0.1335369401440145,0.1323638033303329,0.13421264761476148,0.13312918046804664,0.1323383168316833]","[6.456733999999997,6.447923000000003,6.538208000000012,6.443627000000006,6.425816000000012]","[0.4691961787487875,0.27130877600269887,3.0298437358991848,0.7992149285401151,0.14738394518449827]",1.3429702786411948,190.74101681332604,
